{
  "hash": "24d95f2f",
  "configHash": "8774f42a",
  "lockfileHash": "f970c42e",
  "browserHash": "dd021af9",
  "optimized": {
    "@angular/common": {
      "src": "../../../../../../node_modules/@angular/common/fesm2022/common.mjs",
      "file": "@angular_common.js",
      "fileHash": "4aac5cce",
      "needsInterop": false
    },
    "@angular/common/http": {
      "src": "../../../../../../node_modules/@angular/common/fesm2022/http.mjs",
      "file": "@angular_common_http.js",
      "fileHash": "75d1c826",
      "needsInterop": false
    },
    "@angular/core": {
      "src": "../../../../../../node_modules/@angular/core/fesm2022/core.mjs",
      "file": "@angular_core.js",
      "fileHash": "8d240a87",
      "needsInterop": false
    },
    "@angular/forms": {
      "src": "../../../../../../node_modules/@angular/forms/fesm2022/forms.mjs",
      "file": "@angular_forms.js",
      "fileHash": "93e3dc58",
      "needsInterop": false
    },
    "@angular/platform-browser": {
      "src": "../../../../../../node_modules/@angular/platform-browser/fesm2022/platform-browser.mjs",
      "file": "@angular_platform-browser.js",
      "fileHash": "ecf03a8b",
      "needsInterop": false
    },
    "@angular/router": {
      "src": "../../../../../../node_modules/@angular/router/fesm2022/router.mjs",
      "file": "@angular_router.js",
      "fileHash": "f32be400",
      "needsInterop": false
    }
  },
  "chunks": {
    "chunk-72CR7S7S": {
      "file": "chunk-72CR7S7S.js"
    },
    "chunk-IMHOFH6L": {
      "file": "chunk-IMHOFH6L.js"
    },
    "chunk-PDMBEBBY": {
      "file": "chunk-PDMBEBBY.js"
    },
    "chunk-PO6DNWTB": {
      "file": "chunk-PO6DNWTB.js"
    },
    "chunk-O3LGEELE": {
      "file": "chunk-O3LGEELE.js"
    }
  }
}